name,Id,CBS,success,lambda,epsilon,t_delay,num_trials,num_agents,cbs_time_steps,num_nodes,num_edges,solving_time,counting_time,time_spent_on_astar,num_interactions,num_iterations,solution_cost,global_cp,conflict_counts_locally,probability_error
Timing_test_8_1,1,false,true,0.2,0.2,1.0,2000,6,-1,121,280,0.523977743,0.052824222000000004,0.013083478000000003,4,2,34.0,0.10460630015200001,"[4.0, 56.0, 73.0, 84.0]","(0.025467366516349416, 0.017538400723063556)"
Timing_test_8_1,0,false,true,0.2,0.1,1.0,2000,6,-1,121,280,14.96224899,0.391320212,9.251324474,9,25,34.0,0.04334199999999999,"[79.0, 8.0]","(0.011702122449718185, 0.003989717909836328)"
Timing_test_8_1,0,false,true,0.2,0.05,1.0,2000,6,-1,121,280,10.996092294,0.17331680000000002,7.545531112999999,9,15,35.0,0.049781965746996004,"[63.0, 10.0, 4.0, 7.0, 17.0]","(0.03981646443258491, 0.06381545625262008)"
Timing_test_8_1,0,false,false,0.2,0.01,1.0,2000,6,-1,121,280,363.880094603,28.389012214999983,108.78397173400022,9,1000,9.223372036854776e18,0.0,Float64[],"(NaN, NaN)"
Timing_test_8_1,0,false,true,0.2,0.001,1.0,2000,6,-1,121,280,36.531183668,1.7866684559999992,18.298401738000003,9,76,38.0,0.0,Float64[],"(NaN, NaN)"
Timing_test_8_1,0,false,false,0.2,0.0001,1.0,2000,6,-1,121,280,388.056596901,21.357684430999996,141.14500128399973,9,1000,9.223372036854776e18,0.0,Float64[],"(NaN, NaN)"
