name,Id,CBS,success,lambda,epsilon,t_delay,num_trials,num_agents,cbs_time_steps,num_nodes,num_edges,solving_time,counting_time,time_spent_on_astar,num_interactions,num_iterations,solution_cost,global_cp,conflict_counts_locally,probability_error
Timing_test_6_1,1,false,true,0.2,0.05,1.0,2000,8,-1,121,280,3.301590281,0.4690491479999999,0.066471689,11,13,46.0,0.007488999999999968,"[4.0, 11.0]","(0.006864675238780309, 0.008709581019248933)"
Timing_test_6_1,0,false,true,0.2,0.01,1.0,2000,8,-1,121,280,12.221934064,0.692376508,4.8217304029999974,16,31,48.0,0.002998000000000056,"[2.0, 4.0]","(0.0012243051985056804, 0.0010142125641011996)"
Timing_test_6_1,0,false,false,0.2,0.001,1.0,2000,8,-1,121,280,358.219398565,19.67689448900001,111.18422482099989,16,1000,9.223372036854776e18,0.0,Float64[],"(NaN, NaN)"
Timing_test_6_1,0,false,false,0.2,0.0001,1.0,2000,8,-1,121,280,1950.884539694,46.05682571000001,1728.3920082750003,16,1000,9.223372036854776e18,0.0,Float64[],"(NaN, NaN)"
Timing_test_6_1,0,false,true,0.2,0.1,1.0,2000,8,-1,121,280,2.710419385,0.09783399000000001,1.7078656819999998,16,4,45.0,0.18990412323840322,"[121.0, 102.0, 84.0, 83.0, 21.0]","(0.01952254329452198, 0.01923995822033554)"
Timing_test_6_1,0,false,true,0.2,0.2,1.0,2000,8,-1,121,280,2.329326287,0.073977319,1.5761209320000003,16,3,45.0,0.18055820210881268,"[134.0, 110.0, 3.0, 84.0, 48.0, 9.0]","(0.014139001687307423, 0.01545093919524911)"
